{
  "project_info": {
    "project_number": "684103672333",
    "firebase_url": "https://fitly-cb753.firebaseio.com",
    "project_id": "fitly-cb753",
    "storage_bucket": "fitly-cb753.appspot.com"
  },
  "client": [
    {
      "client_info": {
        "mobilesdk_app_id": "1:684103672333:android:77b8f0155a284636f1eb44",
        "android_client_info": {
          "package_name": "flores.jose.fitly"
        }
      },
      "oauth_client": [
        {
          "client_id": "684103672333-hg4c0f7djrbbjpi1lhmrp620nulh2225.apps.googleusercontent.com",
          "client_type": 1,
          "android_info": {
            "package_name": "flores.jose.fitly",
            "certificate_hash": "ff504ed950662a5e40e104aed1050f5c58554f0a"
          }
        },
        {
          "client_id": "684103672333-m0u6dsqg5idf59bu61plfk55chvrecla.apps.googleusercontent.com",
          "client_type": 3
        }
      ],
      "api_key": [
        {
          "current_key": "AIzaSyDbfNCg_jLyU6zwJPf1Dp4wUtOu7nS6qOg"
        }
      ],
      "services": {
        "appinvite_service": {
          "other_platform_oauth_client": [
            {
              "client_id": "684103672333-m0u6dsqg5idf59bu61plfk55chvrecla.apps.googleusercontent.com",
              "client_type": 3
            }
          ]
        }
      }
    }
  ],
  "configuration_version": "1"
}